nfhs_state_raw,nfhs_district_raw,nfhs_state_norm,canonical_state_norm,nfhs_district_norm,candidate_district_norm,score,rank
Andaman & Nicobar Islands,South Andaman ,ANDAMAN AND NICOBAR ISLANDS,ANDAMAN AND NICOBAR ISLANDS,SOUTH ANDAMAN,SOUTH ANDAMANS,0.963,1
Andaman & Nicobar Islands,South Andaman ,ANDAMAN AND NICOBAR ISLANDS,ANDAMAN AND NICOBAR ISLANDS,SOUTH ANDAMAN,NORTH AND MIDDLE ANDAMAN,0.595,2
Andhra Pradesh,Visakhapatnam ,ANDHRA PRADESH,ANDHRA PRADESH,VISAKHAPATNAM,VISAKHAPATANAM,0.963,1
Assam,Kamrup Metropolitan ,ASSAM,ASSAM,KAMRUP METROPOLITAN,KAMRUP METRO,0.774,1
Assam,Morigaon ,ASSAM,ASSAM,MORIGAON,MARIGAON,0.875,1
Assam,Morigaon ,ASSAM,ASSAM,MORIGAON,BONGAIGAON,0.667,2
Assam,Morigaon ,ASSAM,ASSAM,MORIGAON,KARIMGANJ,0.588,3
Bihar,Purba Champaran ,BIHAR,BIHAR,PURBA CHAMPARAN,PURBI CHAMPARAN,0.933,1
Bihar,Purba Champaran ,BIHAR,BIHAR,PURBA CHAMPARAN,PASHCHIM CHAMPARAN,0.727,2
Chhattisgarh,Kabeerdham ,CHHATTISGARH,CHHATTISGARH,KABEERDHAM,KABIRDHAM,0.842,1
Chhattisgarh,Kabeerdham ,CHHATTISGARH,CHHATTISGARH,KABEERDHAM,BEMETARA,0.556,2
Chhattisgarh,Kodagaon ,CHHATTISGARH,CHHATTISGARH,KODAGAON,KONDAGAON,0.941,1
Chhattisgarh,Koriya ,CHHATTISGARH,CHHATTISGARH,KORIYA,KORBA,0.727,1
Chhattisgarh,Koriya ,CHHATTISGARH,CHHATTISGARH,KORIYA,KOREA,0.727,2
Dadra and Nagar Haveli & Daman and Diu,Dadra & Nagar Haveli ,DADRA AND NAGAR HAVELI AND DAMAN AND DIU,THE DADRA AND NAGAR HAVELI AND DAMAN AND DIU,DADRA AND NAGAR HAVELI,DADRA AND NAGAR HAVELI,1.0,1
Dadra and Nagar Haveli & Daman and Diu,Daman ,DADRA AND NAGAR HAVELI AND DAMAN AND DIU,THE DADRA AND NAGAR HAVELI AND DAMAN AND DIU,DAMAN,DAMAN,1.0,1
Dadra and Nagar Haveli & Daman and Diu,Diu ,DADRA AND NAGAR HAVELI AND DAMAN AND DIU,THE DADRA AND NAGAR HAVELI AND DAMAN AND DIU,DIU,DIU,1.0,1
Gujarat,Aravali ,GUJARAT,GUJARAT,ARAVALI,ARVALLI,0.857,1
Gujarat,Aravali ,GUJARAT,GUJARAT,ARAVALI,AMRELI,0.615,2
Gujarat,Aravali ,GUJARAT,GUJARAT,ARAVALI,NARMADA,0.571,3
Gujarat,Chhota Udaipur ,GUJARAT,GUJARAT,CHHOTA UDAIPUR,CHHOTAUDEPUR,0.846,1
Gujarat,The Dangs ,GUJARAT,GUJARAT,THE DANGS,DANG,0.615,1
Gujarat,The Dangs ,GUJARAT,GUJARAT,THE DANGS,KHEDA,0.571,2
Haryana,Charkhi Dadri ,HARYANA,HARYANA,CHARKHI DADRI,CHARKI DADRI,0.96,1
Haryana,Gurgaon ,HARYANA,HARYANA,GURGAON,GURUGRAM,0.667,1
Jammu & Kashmir,Badgam ,JAMMU AND KASHMIR,JAMMU AND KASHMIR,BADGAM,BUDGAM,0.833,1
Jammu & Kashmir,Bandipore ,JAMMU AND KASHMIR,JAMMU AND KASHMIR,BANDIPORE,BANDIPORA,0.889,1
Jammu & Kashmir,Baramula ,JAMMU AND KASHMIR,JAMMU AND KASHMIR,BARAMULA,BARAMULLA,0.941,1
Jammu & Kashmir,Baramula ,JAMMU AND KASHMIR,JAMMU AND KASHMIR,BARAMULA,RAMBAN,0.571,2
Jammu & Kashmir,Punch ,JAMMU AND KASHMIR,JAMMU AND KASHMIR,PUNCH,POONCH,0.727,1
Jammu & Kashmir,Shupiyan ,JAMMU AND KASHMIR,JAMMU AND KASHMIR,SHUPIYAN,SHOPIAN,0.8,1
Jharkhand,Kodarma ,JHARKHAND,JHARKHAND,KODARMA,KODERMA,0.857,1
Jharkhand,Pashchimi Singhbhum ,JHARKHAND,JHARKHAND,PASHCHIMI SINGHBHUM,EAST SINGHBUM,0.688,1
Jharkhand,Pashchimi Singhbhum ,JHARKHAND,JHARKHAND,PASHCHIMI SINGHBHUM,WEST SINGHBHUM,0.667,2
Jharkhand,Purbi Singhbhum ,JHARKHAND,JHARKHAND,PURBI SINGHBHUM,WEST SINGHBHUM,0.69,1
Jharkhand,Purbi Singhbhum ,JHARKHAND,JHARKHAND,PURBI SINGHBHUM,EAST SINGHBUM,0.643,2
Jharkhand,Sahibganj ,JHARKHAND,JHARKHAND,SAHIBGANJ,SAHEBGANJ,0.889,1
Karnataka,Bangalore ,KARNATAKA,KARNATAKA,BANGALORE,BAGALKOT,0.706,1
Karnataka,Bangalore ,KARNATAKA,KARNATAKA,BANGALORE,DAVANGERE,0.556,2
Karnataka,Bangalore Rural ,KARNATAKA,KARNATAKA,BANGALORE RURAL,BENGALURU RURAL,0.8,1
Karnataka,Bangalore Rural ,KARNATAKA,KARNATAKA,BANGALORE RURAL,BENGALURU URBAN,0.6,2
Karnataka,Belgaum ,KARNATAKA,KARNATAKA,BELGAUM,BELAGAVI,0.667,1
Karnataka,Bellary ,KARNATAKA,KARNATAKA,BELLARY,BALLARI,0.714,1
Karnataka,Bijapur ,KARNATAKA,KARNATAKA,BIJAPUR,VIJAYAPURA,0.706,1
Karnataka,Bijapur ,KARNATAKA,KARNATAKA,BIJAPUR,BIDAR,0.667,2
Karnataka,Chamarajanagar ,KARNATAKA,KARNATAKA,CHAMARAJANAGAR,CHAMARAJANAGARA,0.966,1
Karnataka,Chamarajanagar ,KARNATAKA,KARNATAKA,CHAMARAJANAGAR,RAMANAGARA,0.667,2
Karnataka,Chamarajanagar ,KARNATAKA,KARNATAKA,CHAMARAJANAGAR,VIJAYNAGAR,0.583,3
Karnataka,Chikmagalur ,KARNATAKA,KARNATAKA,CHIKMAGALUR,CHIKKAMAGALURU,0.88,1
Karnataka,Chikmagalur ,KARNATAKA,KARNATAKA,CHIKMAGALUR,CHIKKABALLAPURA,0.692,2
Karnataka,Davanagere ,KARNATAKA,KARNATAKA,DAVANAGERE,DAVANGERE,0.947,1
Karnataka,Davanagere ,KARNATAKA,KARNATAKA,DAVANAGERE,RAMANAGARA,0.6,2
Karnataka,Mysore ,KARNATAKA,KARNATAKA,MYSORE,MYSURU,0.667,1
Karnataka,Shimoga ,KARNATAKA,KARNATAKA,SHIMOGA,SHIVAMOGGA,0.824,1
Karnataka,Tumkur ,KARNATAKA,KARNATAKA,TUMKUR,TUMAKURU,0.857,1
Ladakh,Leh(Ladakh) ,LADAKH,LADAKH,LEH(LADAKH),LEH LADAKH,0.857,1
 Lakshadweep ,Lakshadweep ,LAKSHADWEEP,LAKSHADWEEP,LAKSHADWEEP,LAKSHADWEEP DISTRICT,0.71,1
Madhya Pradesh,Khandwa (East Nimar) ,MADHYA PRADESH,MADHYA PRADESH,KHANDWA (EAST NIMAR),EAST NIMAR,0.667,1
Madhya Pradesh,Khargone (West Nimar) ,MADHYA PRADESH,MADHYA PRADESH,KHARGONE (WEST NIMAR),EAST NIMAR,0.581,1
Madhya Pradesh,Khargone (West Nimar) ,MADHYA PRADESH,MADHYA PRADESH,KHARGONE (WEST NIMAR),KHARGONE,0.552,2
Madhya Pradesh,Narsimhapur ,MADHYA PRADESH,MADHYA PRADESH,NARSIMHAPUR,NARSINGHPUR,0.818,1
Madhya Pradesh,Narsimhapur ,MADHYA PRADESH,MADHYA PRADESH,NARSIMHAPUR,ALIRAJPUR,0.6,2
Madhya Pradesh,Narsimhapur ,MADHYA PRADESH,MADHYA PRADESH,NARSIMHAPUR,BURHANPUR,0.6,3
Maharastra,Ahmadnagar ,MAHARASTRA,MAHARASHTRA,AHMADNAGAR,AHMEDNAGAR,0.9,1
Maharastra,Akola ,MAHARASTRA,MAHARASHTRA,AKOLA,AKOLA,1.0,1
Maharastra,Akola ,MAHARASTRA,MAHARASHTRA,AKOLA,KOLHAPUR,0.615,2
Maharastra,Akola ,MAHARASTRA,MAHARASHTRA,AKOLA,JALNA,0.6,3
Maharastra,Amravati ,MAHARASTRA,MAHARASHTRA,AMRAVATI,AMRAVATI,1.0,1
Maharastra,Aurangabad ,MAHARASTRA,MAHARASHTRA,AURANGABAD,AURANGABAD,1.0,1
Maharastra,Aurangabad ,MAHARASTRA,MAHARASHTRA,AURANGABAD,OSMANABAD,0.632,2
Maharastra,Aurangabad ,MAHARASTRA,MAHARASHTRA,AURANGABAD,RAIGAD,0.625,3
Maharastra,Bhandara ,MAHARASTRA,MAHARASHTRA,BHANDARA,BHANDARA,1.0,1
Maharastra,Bhandara ,MAHARASTRA,MAHARASHTRA,BHANDARA,CHANDRAPUR,0.667,2
Maharastra,Bhandara ,MAHARASTRA,MAHARASHTRA,BHANDARA,BULDHANA,0.625,3
Maharastra,Bid ,MAHARASTRA,MAHARASHTRA,BID,BEED,0.571,1
Maharastra,Buldana ,MAHARASTRA,MAHARASHTRA,BULDANA,BULDHANA,0.933,1
Maharastra,Chandrapur ,MAHARASTRA,MAHARASHTRA,CHANDRAPUR,CHANDRAPUR,1.0,1
Maharastra,Chandrapur ,MAHARASTRA,MAHARASHTRA,CHANDRAPUR,BHANDARA,0.667,2
Maharastra,Chandrapur ,MAHARASTRA,MAHARASHTRA,CHANDRAPUR,KOLHAPUR,0.556,3
Maharastra,Dhule ,MAHARASTRA,MAHARASHTRA,DHULE,DHULE,1.0,1
Maharastra,Gadchiroli ,MAHARASTRA,MAHARASHTRA,GADCHIROLI,GADCHIROLI,1.0,1
Maharastra,Gadchiroli ,MAHARASTRA,MAHARASHTRA,GADCHIROLI,HINGOLI,0.588,2
Maharastra,Gondiya ,MAHARASTRA,MAHARASHTRA,GONDIYA,GONDIA,0.923,1
Maharastra,Hingoli ,MAHARASTRA,MAHARASHTRA,HINGOLI,HINGOLI,1.0,1
Maharastra,Hingoli ,MAHARASTRA,MAHARASHTRA,HINGOLI,SANGLI,0.615,2
Maharastra,Hingoli ,MAHARASTRA,MAHARASHTRA,HINGOLI,GADCHIROLI,0.588,3
Maharastra,Jalgaon ,MAHARASTRA,MAHARASHTRA,JALGAON,JALGAON,1.0,1
Maharastra,Jalgaon ,MAHARASTRA,MAHARASHTRA,JALGAON,JALNA,0.667,2
Maharastra,Jalgaon ,MAHARASTRA,MAHARASHTRA,JALGAON,PALGHAR,0.571,3
Maharastra,Jalna ,MAHARASTRA,MAHARASHTRA,JALNA,JALNA,1.0,1
Maharastra,Jalna ,MAHARASTRA,MAHARASHTRA,JALNA,JALGAON,0.667,2
Maharastra,Jalna ,MAHARASTRA,MAHARASHTRA,JALNA,AKOLA,0.6,3
Maharastra,Kolhapur ,MAHARASTRA,MAHARASHTRA,KOLHAPUR,KOLHAPUR,1.0,1
Maharastra,Kolhapur ,MAHARASTRA,MAHARASHTRA,KOLHAPUR,SOLAPUR,0.8,2
Maharastra,Kolhapur ,MAHARASTRA,MAHARASHTRA,KOLHAPUR,AKOLA,0.615,3
Maharastra,Latur ,MAHARASTRA,MAHARASHTRA,LATUR,LATUR,1.0,1
Maharastra,Latur ,MAHARASTRA,MAHARASHTRA,LATUR,SOLAPUR,0.667,2
Maharastra,Latur ,MAHARASTRA,MAHARASHTRA,LATUR,KOLHAPUR,0.615,3
Maharastra,Mumbai ,MAHARASTRA,MAHARASHTRA,MUMBAI,MUMBAI,1.0,1
Maharastra,Mumbai ,MAHARASTRA,MAHARASHTRA,MUMBAI,MUMBAI SUBURBAN,0.571,2
Maharastra,Mumbai Suburban ,MAHARASTRA,MAHARASHTRA,MUMBAI SUBURBAN,MUMBAI SUBURBAN,1.0,1
Maharastra,Mumbai Suburban ,MAHARASTRA,MAHARASHTRA,MUMBAI SUBURBAN,MUMBAI,0.571,2
Maharastra,Nagpur ,MAHARASTRA,MAHARASHTRA,NAGPUR,NAGPUR,1.0,1
Maharastra,Nagpur ,MAHARASTRA,MAHARASHTRA,NAGPUR,CHANDRAPUR,0.625,2
Maharastra,Nagpur ,MAHARASTRA,MAHARASHTRA,NAGPUR,SOLAPUR,0.615,3
Maharastra,Nanded ,MAHARASTRA,MAHARASHTRA,NANDED,NANDED,1.0,1
Maharastra,Nandurbar ,MAHARASTRA,MAHARASHTRA,NANDURBAR,NANDURBAR,1.0,1
Maharastra,Nandurbar ,MAHARASTRA,MAHARASHTRA,NANDURBAR,BHANDARA,0.588,2
Maharastra,Nashik ,MAHARASTRA,MAHARASHTRA,NASHIK,NASHIK,1.0,1
Maharastra,Nashik ,MAHARASTRA,MAHARASHTRA,NASHIK,WASHIM,0.667,2
Maharastra,Osmanabad ,MAHARASTRA,MAHARASHTRA,OSMANABAD,OSMANABAD,1.0,1
Maharastra,Osmanabad ,MAHARASTRA,MAHARASHTRA,OSMANABAD,AURANGABAD,0.632,2
Maharastra,Palghar ,MAHARASTRA,MAHARASHTRA,PALGHAR,PALGHAR,1.0,1
Maharastra,Palghar ,MAHARASTRA,MAHARASHTRA,PALGHAR,JALGAON,0.571,2
Maharastra,Parbhani ,MAHARASTRA,MAHARASHTRA,PARBHANI,PARBHANI,1.0,1
Maharastra,Parbhani ,MAHARASTRA,MAHARASHTRA,PARBHANI,WARDHA,0.571,2
Maharastra,Pune ,MAHARASTRA,MAHARASHTRA,PUNE,PUNE,1.0,1
Maharastra,Raigarh ,MAHARASTRA,MAHARASHTRA,RAIGARH,RAIGAD,0.769,1
Maharastra,Raigarh ,MAHARASTRA,MAHARASHTRA,RAIGARH,PALGHAR,0.571,2
Maharastra,Ratnagiri ,MAHARASTRA,MAHARASHTRA,RATNAGIRI,RATNAGIRI,1.0,1
Maharastra,Sangli ,MAHARASTRA,MAHARASHTRA,SANGLI,SANGLI,1.0,1
Maharastra,Sangli ,MAHARASTRA,MAHARASHTRA,SANGLI,HINGOLI,0.615,2
Maharastra,Satara ,MAHARASTRA,MAHARASHTRA,SATARA,SATARA,1.0,1
Maharastra,Satara ,MAHARASTRA,MAHARASHTRA,SATARA,BHANDARA,0.571,2
Maharastra,Sindhudurg ,MAHARASTRA,MAHARASHTRA,SINDHUDURG,SINDHUDURG,1.0,1
Maharastra,Solapur ,MAHARASTRA,MAHARASHTRA,SOLAPUR,SOLAPUR,1.0,1
Maharastra,Solapur ,MAHARASTRA,MAHARASHTRA,SOLAPUR,KOLHAPUR,0.8,2
Maharastra,Solapur ,MAHARASTRA,MAHARASHTRA,SOLAPUR,LATUR,0.667,3
Maharastra,Thane ,MAHARASTRA,MAHARASHTRA,THANE,THANE,1.0,1
Maharastra,Wardha ,MAHARASTRA,MAHARASHTRA,WARDHA,WARDHA,1.0,1
Maharastra,Wardha ,MAHARASTRA,MAHARASHTRA,WARDHA,PARBHANI,0.571,2
Maharastra,Washim ,MAHARASTRA,MAHARASHTRA,WASHIM,WASHIM,1.0,1
Maharastra,Washim ,MAHARASTRA,MAHARASHTRA,WASHIM,NASHIK,0.667,2
Maharastra,Yavatmal ,MAHARASTRA,MAHARASHTRA,YAVATMAL,YAVATMAL,1.0,1
Meghalaya,East Jantia Hills ,MEGHALAYA,MEGHALAYA,EAST JANTIA HILLS,EAST JAINTIA HILLS,0.971,1
Meghalaya,East Jantia Hills ,MEGHALAYA,MEGHALAYA,EAST JANTIA HILLS,WEST JAINTIA HILLS,0.914,2
Meghalaya,East Jantia Hills ,MEGHALAYA,MEGHALAYA,EAST JANTIA HILLS,EAST KHASI HILLS,0.788,3
Meghalaya,Ribhoi ,MEGHALAYA,MEGHALAYA,RIBHOI,RI BHOI,0.923,1
NCT of Delhi,Central ,NCT OF DELHI,DELHI,CENTRAL,CENTRAL,1.0,1
NCT of Delhi,East ,NCT OF DELHI,DELHI,EAST,EAST,1.0,1
NCT of Delhi,East ,NCT OF DELHI,DELHI,EAST,WEST,0.75,2
NCT of Delhi,East ,NCT OF DELHI,DELHI,EAST,NORTH EAST,0.571,3
NCT of Delhi,New Delhi ,NCT OF DELHI,DELHI,NEW DELHI,NEW DELHI,1.0,1
NCT of Delhi,North ,NCT OF DELHI,DELHI,NORTH,NORTH,1.0,1
NCT of Delhi,North ,NCT OF DELHI,DELHI,NORTH,NORTH EAST,0.667,2
NCT of Delhi,North ,NCT OF DELHI,DELHI,NORTH,NORTH WEST,0.667,3
NCT of Delhi,North East ,NCT OF DELHI,DELHI,NORTH EAST,NORTH EAST,1.0,1
NCT of Delhi,North East ,NCT OF DELHI,DELHI,NORTH EAST,NORTH WEST,0.9,2
NCT of Delhi,North East ,NCT OF DELHI,DELHI,NORTH EAST,SOUTH EAST,0.8,3
NCT of Delhi,North West ,NCT OF DELHI,DELHI,NORTH WEST,NORTH WEST,1.0,1
NCT of Delhi,North West ,NCT OF DELHI,DELHI,NORTH WEST,NORTH EAST,0.9,2
NCT of Delhi,North West ,NCT OF DELHI,DELHI,NORTH WEST,SOUTH WEST,0.8,3
NCT of Delhi,Shahdara ,NCT OF DELHI,DELHI,SHAHDARA,SHAHDARA,1.0,1
NCT of Delhi,South ,NCT OF DELHI,DELHI,SOUTH,SOUTH,1.0,1
NCT of Delhi,South ,NCT OF DELHI,DELHI,SOUTH,SOUTH EAST,0.667,2
NCT of Delhi,South ,NCT OF DELHI,DELHI,SOUTH,SOUTH WEST,0.667,3
NCT of Delhi,South East ,NCT OF DELHI,DELHI,SOUTH EAST,SOUTH EAST,1.0,1
NCT of Delhi,South East ,NCT OF DELHI,DELHI,SOUTH EAST,SOUTH WEST,0.9,2
NCT of Delhi,South East ,NCT OF DELHI,DELHI,SOUTH EAST,NORTH EAST,0.8,3
NCT of Delhi,South West ,NCT OF DELHI,DELHI,SOUTH WEST,SOUTH WEST,1.0,1
NCT of Delhi,South West ,NCT OF DELHI,DELHI,SOUTH WEST,SOUTH EAST,0.9,2
NCT of Delhi,South West ,NCT OF DELHI,DELHI,SOUTH WEST,NORTH WEST,0.8,3
NCT of Delhi,West ,NCT OF DELHI,DELHI,WEST,WEST,1.0,1
NCT of Delhi,West ,NCT OF DELHI,DELHI,WEST,EAST,0.75,2
NCT of Delhi,West ,NCT OF DELHI,DELHI,WEST,NORTH WEST,0.571,3
Odisha,Baudh ,ODISHA,ODISHA,BAUDH,BOUDH,0.8,1
Odisha,Debagarh ,ODISHA,ODISHA,DEBAGARH,BARGARH,0.8,1
Odisha,Debagarh ,ODISHA,ODISHA,DEBAGARH,DEOGARH,0.8,2
Odisha,Debagarh ,ODISHA,ODISHA,DEBAGARH,SUNDARGARH,0.667,3
Odisha,Nabarangapur ,ODISHA,ODISHA,NABARANGAPUR,NABARANGPUR,0.957,1
Odisha,Nabarangapur ,ODISHA,ODISHA,NABARANGAPUR,BARGARH,0.632,2
Odisha,Nabarangapur ,ODISHA,ODISHA,NABARANGAPUR,JAGATSINGHAPUR,0.615,3
Odisha,Subarnapur ,ODISHA,ODISHA,SUBARNAPUR,NABARANGPUR,0.667,1
Odisha,Subarnapur ,ODISHA,ODISHA,SUBARNAPUR,SAMBALPUR,0.632,2
Odisha,Subarnapur ,ODISHA,ODISHA,SUBARNAPUR,SUNDARGARH,0.6,3
Puducherry,Puducherry ,PUDUCHERRY,PUDUCHERRY,PUDUCHERRY,PONDICHERRY,0.762,1
Punjab,Firozpur ,PUNJAB,PUNJAB,FIROZPUR,FIROZEPUR,0.941,1
Punjab,Firozpur ,PUNJAB,PUNJAB,FIROZPUR,HOSHIARPUR,0.556,2
Punjab,Muktsar ,PUNJAB,PUNJAB,MUKTSAR,AMRITSAR,0.667,1
Punjab,Muktsar ,PUNJAB,PUNJAB,MUKTSAR,SRI MUKTSAR SAHIB,0.583,2
Punjab,Sahibzada Ajit Singh Nagar ,PUNJAB,PUNJAB,SAHIBZADA AJIT SINGH NAGAR,SHAHID BHAGAT SINGH NAGAR,0.784,1
Rajasthan,Chittaurgarh ,RAJASTHAN,RAJASTHAN,CHITTAURGARH,CHITTORGARH,0.87,1
Rajasthan,Chittaurgarh ,RAJASTHAN,RAJASTHAN,CHITTAURGARH,HANUMANGARH,0.609,2
Rajasthan,Dhaulpur ,RAJASTHAN,RAJASTHAN,DHAULPUR,DHOLPUR,0.8,1
Rajasthan,Dhaulpur ,RAJASTHAN,RAJASTHAN,DHAULPUR,JODHPUR,0.667,2
Rajasthan,Dhaulpur ,RAJASTHAN,RAJASTHAN,DHAULPUR,UDAIPUR,0.667,3
Rajasthan,Jalor ,RAJASTHAN,RAJASTHAN,JALOR,JALORE,0.909,1
Rajasthan,Jalor ,RAJASTHAN,RAJASTHAN,JALOR,JHALAWAR,0.615,2
Rajasthan,Jalor ,RAJASTHAN,RAJASTHAN,JALOR,ALWAR,0.6,3
Rajasthan,Jhunjhunun ,RAJASTHAN,RAJASTHAN,JHUNJHUNUN,JHUNJHUNU,0.947,1
Tamil Nadu,Kancheepuram ,TAMIL NADU,TAMIL NADU,KANCHEEPURAM,KANCHIPURAM,0.87,1
Tamil Nadu,Kancheepuram ,TAMIL NADU,TAMIL NADU,KANCHEEPURAM,RAMANATHAPURAM,0.615,2
Tamil Nadu,Viluppuram ,TAMIL NADU,TAMIL NADU,VILUPPURAM,VILLUPURAM,0.9,1
Tamil Nadu,Viluppuram ,TAMIL NADU,TAMIL NADU,VILUPPURAM,TIRUPPUR,0.667,2
Tamil Nadu,Viluppuram ,TAMIL NADU,TAMIL NADU,VILUPPURAM,KANCHIPURAM,0.571,3
Telangana,Komaram Bheem Asifabad ,TELANGANA,TELANGANA,KOMARAM BHEEM ASIFABAD,KUMURAM BHEEM ASIFABAD,0.909,1
Telangana,Warangal Rural ,TELANGANA,TELANGANA,WARANGAL RURAL,WARANGAL,0.727,1
Telangana,Warangal Rural ,TELANGANA,TELANGANA,WARANGAL RURAL,RANGA REDDY,0.56,2
Telangana,Warangal Urban ,TELANGANA,TELANGANA,WARANGAL URBAN,WARANGAL,0.727,1
Telangana,Warangal Urban ,TELANGANA,TELANGANA,WARANGAL URBAN,RANGA REDDY,0.56,2
Uttar Pradesh,Allahabad ,UTTAR PRADESH,UTTAR PRADESH,ALLAHABAD,FARRUKHABAD,0.6,1
Uttar Pradesh,Allahabad ,UTTAR PRADESH,UTTAR PRADESH,ALLAHABAD,GHAZIABAD,0.556,2
Uttar Pradesh,Allahabad ,UTTAR PRADESH,UTTAR PRADESH,ALLAHABAD,MORADABAD,0.556,3
Uttar Pradesh,Bara Banki ,UTTAR PRADESH,UTTAR PRADESH,BARA BANKI,BARABANKI,0.947,1
Uttar Pradesh,Bara Banki ,UTTAR PRADESH,UTTAR PRADESH,BARA BANKI,BAHRAICH,0.556,2
Uttar Pradesh,Bara Banki ,UTTAR PRADESH,UTTAR PRADESH,BARA BANKI,VARANASI,0.556,3
Uttar Pradesh,Faizabad ,UTTAR PRADESH,UTTAR PRADESH,FAIZABAD,FIROZABAD,0.824,1
Uttar Pradesh,Faizabad ,UTTAR PRADESH,UTTAR PRADESH,FAIZABAD,GHAZIABAD,0.706,2
Uttar Pradesh,Faizabad ,UTTAR PRADESH,UTTAR PRADESH,FAIZABAD,FARRUKHABAD,0.632,3
Uttar Pradesh,Jyotiba Phule Nagar ,UTTAR PRADESH,UTTAR PRADESH,JYOTIBA PHULE NAGAR,KANPUR NAGAR,0.581,1
Uttar Pradesh,Kanshiram Nagar ,UTTAR PRADESH,UTTAR PRADESH,KANSHIRAM NAGAR,KUSHI NAGAR,0.769,1
Uttar Pradesh,Kanshiram Nagar ,UTTAR PRADESH,UTTAR PRADESH,KANSHIRAM NAGAR,KANPUR NAGAR,0.741,2
Uttar Pradesh,Kanshiram Nagar ,UTTAR PRADESH,UTTAR PRADESH,KANSHIRAM NAGAR,AMBEDKAR NAGAR,0.621,3
Uttar Pradesh,Kushinagar ,UTTAR PRADESH,UTTAR PRADESH,KUSHINAGAR,KUSHI NAGAR,0.952,1
Uttar Pradesh,Kushinagar ,UTTAR PRADESH,UTTAR PRADESH,KUSHINAGAR,KANPUR NAGAR,0.636,2
Uttar Pradesh,Kushinagar ,UTTAR PRADESH,UTTAR PRADESH,KUSHINAGAR,SIDDHARTH NAGAR,0.56,3
Uttar Pradesh,Mahamaya Nagar ,UTTAR PRADESH,UTTAR PRADESH,MAHAMAYA NAGAR,AMBEDKAR NAGAR,0.643,1
Uttar Pradesh,Mahamaya Nagar ,UTTAR PRADESH,UTTAR PRADESH,MAHAMAYA NAGAR,GAUTAM BUDDHA NAGAR,0.606,2
Uttar Pradesh,Mahamaya Nagar ,UTTAR PRADESH,UTTAR PRADESH,MAHAMAYA NAGAR,MUZAFFARNAGAR,0.593,3
Uttar Pradesh,Mahrajganj ,UTTAR PRADESH,UTTAR PRADESH,MAHRAJGANJ,MAHARAJGANJ,0.952,1
Uttar Pradesh,Mahrajganj ,UTTAR PRADESH,UTTAR PRADESH,MAHRAJGANJ,KASGANJ,0.588,2
Uttar Pradesh,Mahrajganj ,UTTAR PRADESH,UTTAR PRADESH,MAHRAJGANJ,MATHURA,0.588,3
Uttar Pradesh,Sant Kabir Nagar ,UTTAR PRADESH,UTTAR PRADESH,SANT KABIR NAGAR,SANT KABEER NAGAR,0.909,1
Uttar Pradesh,Sant Kabir Nagar ,UTTAR PRADESH,UTTAR PRADESH,SANT KABIR NAGAR,AMBEDKAR NAGAR,0.667,2
Uttar Pradesh,Sant Kabir Nagar ,UTTAR PRADESH,UTTAR PRADESH,SANT KABIR NAGAR,KANPUR NAGAR,0.643,3
Uttar Pradesh,Shrawasti ,UTTAR PRADESH,UTTAR PRADESH,SHRAWASTI,SHRAVASTI,0.889,1
Uttar Pradesh,Shrawasti ,UTTAR PRADESH,UTTAR PRADESH,SHRAWASTI,VARANASI,0.588,2
Uttar Pradesh,Shrawasti ,UTTAR PRADESH,UTTAR PRADESH,SHRAWASTI,BASTI,0.571,3
Uttar Pradesh,Siddharthnagar ,UTTAR PRADESH,UTTAR PRADESH,SIDDHARTHNAGAR,SIDDHARTH NAGAR,0.966,1
Uttar Pradesh,Siddharthnagar ,UTTAR PRADESH,UTTAR PRADESH,SIDDHARTHNAGAR,AMBEDKAR NAGAR,0.571,2
Uttar Pradesh,Siddharthnagar ,UTTAR PRADESH,UTTAR PRADESH,SIDDHARTHNAGAR,KUSHI NAGAR,0.56,3
Uttarakhand,Garhwal ,UTTARAKHAND,UTTARAKHAND,GARHWAL,PAURI GARHWAL,0.7,1
Uttarakhand,Garhwal ,UTTARAKHAND,UTTARAKHAND,GARHWAL,TEHRI GARHWAL,0.7,2
Uttarakhand,Hardwar ,UTTARAKHAND,UTTARAKHAND,HARDWAR,HARIDWAR,0.933,1
Uttarakhand,Rudraprayag ,UTTARAKHAND,UTTARAKHAND,RUDRAPRAYAG,RUDRA PRAYAG,0.957,1
Uttarakhand,Udham Singh Nagar ,UTTARAKHAND,UTTARAKHAND,UDHAM SINGH NAGAR,UDAM SINGH NAGAR,0.97,1
Uttarakhand,Uttarkashi ,UTTARAKHAND,UTTARAKHAND,UTTARKASHI,UTTAR KASHI,0.952,1
West Bengal,Darjiling ,WEST BENGAL,WEST BENGAL,DARJILING,DARJEELING,0.842,1
West Bengal,Darjiling ,WEST BENGAL,WEST BENGAL,DARJILING,KALIMPONG,0.556,2
West Bengal,Haora ,WEST BENGAL,WEST BENGAL,HAORA,HOWRAH,0.727,1
West Bengal,Haora ,WEST BENGAL,WEST BENGAL,HAORA,JHARGRAM,0.615,2
West Bengal,Koch Bihar ,WEST BENGAL,WEST BENGAL,KOCH BIHAR,COOCHBEHAR,0.7,1
West Bengal,Paschim Barddhaman ,WEST BENGAL,WEST BENGAL,PASCHIM BARDDHAMAN,PASCHIM BARDHAMAN,0.971,1
West Bengal,Paschim Barddhaman ,WEST BENGAL,WEST BENGAL,PASCHIM BARDDHAMAN,PURBA BARDHAMAN,0.727,2
West Bengal,Paschim Medinipur ,WEST BENGAL,WEST BENGAL,PASCHIM MEDINIPUR,PASCHIM BARDHAMAN,0.588,1
West Bengal,Paschim Medinipur ,WEST BENGAL,WEST BENGAL,PASCHIM MEDINIPUR,MEDINIPUR EAST,0.581,2
West Bengal,Paschim Medinipur ,WEST BENGAL,WEST BENGAL,PASCHIM MEDINIPUR,MEDINIPUR WEST,0.581,3
West Bengal,Purba Medinipur ,WEST BENGAL,WEST BENGAL,PURBA MEDINIPUR,MEDINIPUR EAST,0.621,1
West Bengal,Purba Medinipur ,WEST BENGAL,WEST BENGAL,PURBA MEDINIPUR,MEDINIPUR WEST,0.621,2
West Bengal,Puruliya ,WEST BENGAL,WEST BENGAL,PURULIYA,PURULIA,0.933,1
West Bengal,Puruliya ,WEST BENGAL,WEST BENGAL,PURULIYA,ALIPURDUAR,0.556,2
West Bengal,Uttar Dinajpur ,WEST BENGAL,WEST BENGAL,UTTAR DINAJPUR,DINAJPUR UTTAR,0.571,1
